{
    "data": {
        "browseSorts": [
            {
                "key": "featured",
                "value": "Featured",
                "description": "The 'Featured' picks are chosen specifically for you by the StockX team.",
                "order": "DESC",
                "short": "Featured",
                "seoUrlKey": "featured"
            },
            {
                "key": "most-active",
                "value": "Most Popular",
                "description": "The 'Most Popular' are the products with the most sales over the past 72 hours.",
                "order": "DESC",
                "short": "# of Sales",
                "seoUrlKey": "most-popular"
            },
            {
                "key": "recent_asks",
                "value": "New Lowest Asks",
                "description": "The 'New Lowest Asks' are the products with the most recently listed Lowest Asks. These are the products that people are ready to sell.",
                "order": "DESC",
                "short": "placed",
                "seoUrlKey": "recent-asks"
            },
            {
                "key": "recent_bids",
                "value": "New Highest Bids",
                "description": "The 'New Highest Bids' are the products with the most recently listed Highest Bids. These are the products that people are ready to buy.",
                "order": "DESC",
                "short": "placed",
                "seoUrlKey": "recent-bids"
            },
            {
                "key": "average_deadstock_price",
                "value": "Average Sale Price",
                "description": "The average sales price over the past twelve months. We've removed fakes, outliers and auctions with multiple listings.",
                "order": "DESC",
                "short": "Avg Sale",
                "seoUrlKey": "most-expensive"
            },
            {
                "key": "deadstock_sold",
                "value": "Total Sold",
                "description": "The total number of items sold over the past 12 months. We've removed fakes, outliers and auctions with multiple listings.",
                "order": "DESC",
                "short": "# Sold",
                "seoUrlKey": "top-selling"
            },
            {
                "key": "volatility",
                "value": "Volatility",
                "description": "A measure of how much price fluctuates. It is calculated as standard deviation divided by average price. A $200 product with 40% volatility results in an average price range of $120 to $280.",
                "order": "DESC",
                "short": "Volatility",
                "seoUrlKey": "price-volatility"
            },
            {
                "key": "price_premium",
                "value": "Price Premium",
                "description": "A measure of how much more a new, unworn item currently sells for, as compared to its original retail price. An item with a Price Premium of 100% means that the average price of that item right now sells for twice as much as its original retail price.",
                "order": "DESC",
                "short": "Premium",
                "seoUrlKey": "price-premium"
            },
            {
                "key": "last_sale",
                "value": "Last Sale",
                "description": "The last price this product was sold for.",
                "order": "DESC",
                "short": "Last Sale",
                "seoUrlKey": "last-sale"
            },
            {
                "key": "lowest_ask",
                "value": "Lowest Ask",
                "description": "The lowest price someone is currently selling this product for.",
                "order": "ASC",
                "short": "Lowest Ask",
                "seoUrlKey": "lowest-ask"
            },
            {
                "key": "highest_bid",
                "value": "Highest Bid",
                "description": "The highest price someone is currently offering to pay for this product.",
                "order": "DESC",
                "short": "Highest Bid",
                "seoUrlKey": "highest-bid"
            },
            {
                "key": "release_date",
                "value": "Release Date",
                "description": "The date this product launched.",
                "order": "DESC",
                "short": "release",
                "seoUrlKey": "release-date"
            }
        ]
    }
}