{
    "data": {
        "product": {
            "id": "990e8bca-1397-4593-a9ac-f0d7a9323806",
            "urlKey": "adidas-yeezy-slide-slate-grey",
            "listingType": "STANDARD",
            "title": "adidas Yeezy Slide Slate Grey",
            "uuid": "990e8bca-1397-4593-a9ac-f0d7a9323806",
            "contentGroup": "sneakers",
            "market": {
                "state": {
                    "lowestAsk": {
                        "amount": 70
                    },
                    "highestBid": {
                        "amount": 92
                    },
                    "numberOfCustodialAsks": 0,
                    "numberOfAsks": 4102,
                    "numberOfBids": 505,
                    "lowestCustodialAsk": null
                },
                "salesInformation": {
                    "lastSale": 78,
                    "salesLast72Hours": 2744
                },
                "statistics": {
                    "lastSale": {
                        "amount": 78,
                        "changePercentage": 0.09921,
                        "changeValue": 7,
                        "sameFees": null
                    }
                }
            },
            "variants": [
                {
                    "id": "a5636afd-2247-421c-b9f2-148556c263a9",
                    "market": {
                        "state": {
                            "lowestAsk": {
                                "amount": 75
                            },
                            "highestBid": {
                                "amount": 52
                            },
                            "numberOfCustodialAsks": 0,
                            "numberOfAsks": 184,
                            "numberOfBids": 11,
                            "lowestCustodialAsk": null
                        },
                        "salesInformation": {
                            "lastSale": 77,
                            "salesLast72Hours": 107
                        },
                        "statistics": {
                            "lastSale": {
                                "amount": 77,
                                "changePercentage": 0.113636,
                                "changeValue": 8,
                                "sameFees": null
                            }
                        }
                    }
                },
                {
                    "id": "44d683ee-85ee-4086-8a5f-5225ac72bb33",
                    "market": {
                        "state": {
                            "lowestAsk": null,
                            "highestBid": null,
                            "numberOfCustodialAsks": 0,
                            "numberOfAsks": 0,
                            "numberOfBids": 0,
                            "lowestCustodialAsk": null
                        },
                        "salesInformation": {
                            "lastSale": 0,
                            "salesLast72Hours": 0
                        },
                        "statistics": {
                            "lastSale": {
                                "amount": 0,
                                "changePercentage": null,
                                "changeValue": 0,
                                "sameFees": null
                            }
                        }
                    }
                },
                {
                    "id": "01bc2c46-c791-45d9-b654-6340cd083890",
                    "market": {
                        "state": {
                            "lowestAsk": {
                                "amount": 74
                            },
                            "highestBid": {
                                "amount": 53
                            },
                            "numberOfCustodialAsks": 0,
                            "numberOfAsks": 226,
                            "numberOfBids": 13,
                            "lowestCustodialAsk": null
                        },
                        "salesInformation": {
                            "lastSale": 74,
                            "salesLast72Hours": 169
                        },
                        "statistics": {
                            "lastSale": {
                                "amount": 74,
                                "changePercentage": 0.010753,
                                "changeValue": 1,
                                "sameFees": null
                            }
                        }
                    }
                },
                {
                    "id": "7ce817a6-88ee-40ec-b4be-c0adc04b19e3",
                    "market": {
                        "state": {
                            "lowestAsk": {
                                "amount": 85
                            },
                            "highestBid": {
                                "amount": 81
                            },
                            "numberOfCustodialAsks": 0,
                            "numberOfAsks": 110,
                            "numberOfBids": 27,
                            "lowestCustodialAsk": null
                        },
                        "salesInformation": {
                            "lastSale": 96,
                            "salesLast72Hours": 139
                        },
                        "statistics": {
                            "lastSale": {
                                "amount": 96,
                                "changePercentage": 0,
                                "changeValue": 0,
                                "sameFees": null
                            }
                        }
                    }
                },
                {
                    "id": "fcfaa7ac-236e-469c-849b-40c7bd1c47cf",
                    "market": {
                        "state": {
                            "lowestAsk": {
                                "amount": 79
                            },
                            "highestBid": {
                                "amount": 71
                            },
                            "numberOfCustodialAsks": 0,
                            "numberOfAsks": 186,
                            "numberOfBids": 45,
                            "lowestCustodialAsk": null
                        },
                        "salesInformation": {
                            "lastSale": 89,
                            "salesLast72Hours": 277
                        },
                        "statistics": {
                            "lastSale": {
                                "amount": 89,
                                "changePercentage": -0.008772,
                                "changeValue": 0,
                                "sameFees": null
                            }
                        }
                    }
                },
                {
                    "id": "47532b1d-fbbe-4c1d-8eb1-abb222510740",
                    "market": {
                        "state": {
                            "lowestAsk": {
                                "amount": 71
                            },
                            "highestBid": {
                                "amount": 61
                            },
                            "numberOfCustodialAsks": 0,
                            "numberOfAsks": 643,
                            "numberOfBids": 65,
                            "lowestCustodialAsk": null
                        },
                        "salesInformation": {
                            "lastSale": 71,
                            "salesLast72Hours": 331
                        },
                        "statistics": {
                            "lastSale": {
                                "amount": 71,
                                "changePercentage": -0.099353,
                                "changeValue": -7,
                                "sameFees": null
                            }
                        }
                    }
                },
                {
                    "id": "c712ec67-12ac-4c5c-95e7-b896565f246a",
                    "market": {
                        "state": {
                            "lowestAsk": {
                                "amount": 70
                            },
                            "highestBid": {
                                "amount": 64
                            },
                            "numberOfCustodialAsks": 0,
                            "numberOfAsks": 1049,
                            "numberOfBids": 72,
                            "lowestCustodialAsk": null
                        },
                        "salesInformation": {
                            "lastSale": 78,
                            "salesLast72Hours": 458
                        },
                        "statistics": {
                            "lastSale": {
                                "amount": 78,
                                "changePercentage": 0.073038,
                                "changeValue": 6,
                                "sameFees": null
                            }
                        }
                    }
                },
                {
                    "id": "a8349dc0-770b-46ac-83b9-55bd65824b51",
                    "market": {
                        "state": {
                            "lowestAsk": {
                                "amount": 72
                            },
                            "highestBid": {
                                "amount": 64
                            },
                            "numberOfCustodialAsks": 0,
                            "numberOfAsks": 880,
                            "numberOfBids": 106,
                            "lowestCustodialAsk": null
                        },
                        "salesInformation": {
                            "lastSale": 82,
                            "salesLast72Hours": 643
                        },
                        "statistics": {
                            "lastSale": {
                                "amount": 82,
                                "changePercentage": 0,
                                "changeValue": 0,
                                "sameFees": null
                            }
                        }
                    }
                },
                {
                    "id": "cbf9c2a4-b43a-4ea5-8904-dbb5f59b5df9",
                    "market": {
                        "state": {
                            "lowestAsk": {
                                "amount": 97
                            },
                            "highestBid": {
                                "amount": 92
                            },
                            "numberOfCustodialAsks": 0,
                            "numberOfAsks": 453,
                            "numberOfBids": 64,
                            "lowestCustodialAsk": null
                        },
                        "salesInformation": {
                            "lastSale": 108,
                            "salesLast72Hours": 303
                        },
                        "statistics": {
                            "lastSale": {
                                "amount": 108,
                                "changePercentage": -0.238889,
                                "changeValue": -33,
                                "sameFees": null
                            }
                        }
                    }
                },
                {
                    "id": "03b00a31-4adc-40d0-823e-422381cb97ef",
                    "market": {
                        "state": {
                            "lowestAsk": {
                                "amount": 110
                            },
                            "highestBid": {
                                "amount": 91
                            },
                            "numberOfCustodialAsks": 0,
                            "numberOfAsks": 186,
                            "numberOfBids": 39,
                            "lowestCustodialAsk": null
                        },
                        "salesInformation": {
                            "lastSale": 117,
                            "salesLast72Hours": 164
                        },
                        "statistics": {
                            "lastSale": {
                                "amount": 117,
                                "changePercentage": 0,
                                "changeValue": 0,
                                "sameFees": null
                            }
                        }
                    }
                },
                {
                    "id": "2c9b1e87-264a-47cb-87ea-0255c63db5ca",
                    "market": {
                        "state": {
                            "lowestAsk": {
                                "amount": 104
                            },
                            "highestBid": {
                                "amount": 91
                            },
                            "numberOfCustodialAsks": 0,
                            "numberOfAsks": 105,
                            "numberOfBids": 36,
                            "lowestCustodialAsk": null
                        },
                        "salesInformation": {
                            "lastSale": 113,
                            "salesLast72Hours": 97
                        },
                        "statistics": {
                            "lastSale": {
                                "amount": 113,
                                "changePercentage": -0.040268,
                                "changeValue": -4,
                                "sameFees": null
                            }
                        }
                    }
                },
                {
                    "id": "736569ed-21fb-47d1-9f8a-099cbc141d04",
                    "market": {
                        "state": {
                            "lowestAsk": {
                                "amount": 105
                            },
                            "highestBid": {
                                "amount": 68
                            },
                            "numberOfCustodialAsks": 0,
                            "numberOfAsks": 40,
                            "numberOfBids": 7,
                            "lowestCustodialAsk": null
                        },
                        "salesInformation": {
                            "lastSale": 102,
                            "salesLast72Hours": 37
                        },
                        "statistics": {
                            "lastSale": {
                                "amount": 102,
                                "changePercentage": -0.078014,
                                "changeValue": -8,
                                "sameFees": null
                            }
                        }
                    }
                },
                {
                    "id": "8bf94b64-c1b0-4bf4-bd42-e97dd8ed0f8d",
                    "market": {
                        "state": {
                            "lowestAsk": {
                                "amount": 110
                            },
                            "highestBid": {
                                "amount": 86
                            },
                            "numberOfCustodialAsks": 0,
                            "numberOfAsks": 30,
                            "numberOfBids": 12,
                            "lowestCustodialAsk": null
                        },
                        "salesInformation": {
                            "lastSale": 126,
                            "salesLast72Hours": 12
                        },
                        "statistics": {
                            "lastSale": {
                                "amount": 126,
                                "changePercentage": 0.185185,
                                "changeValue": 20,
                                "sameFees": null
                            }
                        }
                    }
                },
                {
                    "id": "453b8628-0932-4759-a63b-0c003444ce3b",
                    "market": {
                        "state": {
                            "lowestAsk": {
                                "amount": 150
                            },
                            "highestBid": {
                                "amount": 75
                            },
                            "numberOfCustodialAsks": 0,
                            "numberOfAsks": 10,
                            "numberOfBids": 8,
                            "lowestCustodialAsk": null
                        },
                        "salesInformation": {
                            "lastSale": 118,
                            "salesLast72Hours": 6
                        },
                        "statistics": {
                            "lastSale": {
                                "amount": 118,
                                "changePercentage": 0.06383,
                                "changeValue": 8,
                                "sameFees": null
                            }
                        }
                    }
                }
            ],
            "sizeDescriptor": "Size",
            "productCategory": "sneakers",
            "media": {
                "imageUrl": "https://images.stockx.com/images/adidas-Yeezy-Slide-Slate-Grey-Product.jpg?fit=fill&bg=FFFFFF&w=700&h=500&fm=webp&auto=compress&q=90&dpr=2&trim=color&updated_at=1673938237"
            },
            "lockBuying": false,
            "lockSelling": false,
            "minimumBid": 20
        }
    }
}