{
    "url": "https://stockx.com/api/p/e",
    "raw_url": "https://stockx.com/api/p/e",
    "method": "post",
    "cookies": {

    },
    "headers": {
        "authority": "stockx.com",
        "accept": "application/json",
        "accept-language": "en-US",
        "apollographql-client-name": "Iron",
        "apollographql-client-version": "2023.12.10.02",
        "app-platform": "Iron",
        "app-version": "2023.12.10.02",
         "content-type": "application/json",
        "origin": "https://stockx.com",
        "sec-ch-ua": "\"Not_A Brand\";v=\"8\", \"Chromium\";v=\"120\", \"Google Chrome\";v=\"120\"",
        "sec-ch-ua-mobile": "?0",
        "sec-ch-ua-platform": "\"Windows\"",
        "sec-fetch-dest": "empty",
        "sec-fetch-mode": "cors",
        "sec-fetch-site": "same-origin",
        "user-agent": "Mozilla/5.0 (Windows NT 10.0; Win64; x64) AppleWebKit/537.36 (KHTML, like Gecko) Chrome/120.0.0.0 Safari/537.36",
        "x-operation-name": "Browse",
        "x-stockx-device-id": "8cdb3ce8-f4c1-4674-94c7-02e84c675eed",
        "x-stockx-session-id": "4ee67735-1058-41f4-bf30-2bfa6b84d451"
    },
    "data": {
        "query": "query Browse($category: String, $filters: [BrowseFilterInput], $filtersVersion: Int, $query: String, $sort: BrowseSortInput, $page: BrowsePageInput, $currency: CurrencyCode, $country: String!, $market: String, $staticRanking: BrowseExperimentStaticRankingInput) {\n  browse(\n    category: $category\n    filters: $filters\n    filtersVersion: $filtersVersion\n    query: $query\n    sort: $sort\n    page: $page\n    experiments: {staticRanking: $staticRanking}\n  ) {\n    suggestions {\n      isCuratedPage\n      relatedPages {\n        title\n        url\n      }\n      locales\n    }\n    results {\n      edges {\n        objectId\n        node {\n          ... on Product {\n            ...BrowseProductDetailsFragment\n            ...FavoriteProductFragment\n            ...ProductTraitsFragment\n            ...FavoriteVariantsFragment\n            market(currencyCode: $currency) {\n              ...MarketFragment\n            }\n          }\n          ... on Variant {\n            id\n            ...FavoriteVariantFragment\n            product {\n              ...BrowseProductDetailsFragment\n              ...FavoriteProductFragment\n              ...FavoriteVariantsFragment\n              traits(filterTypes: [RELEASE_DATE, RETAIL_PRICE]) {\n                name\n                value\n              }\n            }\n            market(currencyCode: $currency) {\n              ...MarketFragment\n            }\n            traits {\n              size\n            }\n          }\n        }\n      }\n      pageInfo {\n        limit\n        page\n        pageCount\n        queryId\n        queryIndex\n        total\n      }\n    }\n    query\n  }\n}\n\nfragment FavoriteProductFragment on Product {\n  favorite\n}\n\nfragment FavoriteVariantFragment on Variant {\n  favorite\n}\n\nfragment FavoriteVariantsFragment on Product {\n  variants {\n    id\n    hidden\n    favorite\n    traits {\n      size\n    }\n  }\n}\n\nfragment ProductTraitsFragment on Product {\n  productTraits: traits(filterTypes: [RELEASE_DATE, RETAIL_PRICE]) {\n    name\n    value\n  }\n}\n\nfragment MarketFragment on Market {\n  currencyCode\n  state(country: $country, market: $market) {\n    numberOfCustodialAsks\n    lowestAsk {\n      amount\n      updatedAt\n    }\n    highestBid {\n      amount\n      updatedAt\n    }\n  }\n  salesInformation {\n    lastSale\n    lastSaleDate\n    salesThisPeriod\n    salesLastPeriod\n    changeValue\n    changePercentage\n    volatility\n    pricePremium\n  }\n  deadStock {\n    sold\n    averagePrice\n  }\n  statistics {\n    last90Days {\n      averagePrice\n    }\n  }\n}\n\nfragment BrowseProductDetailsFragment on Product {\n  id\n  name\n  urlKey\n  title\n  brand\n  description\n  model\n  condition\n  productCategory\n  listingType\n  gender\n  browseVerticals\n  media {\n    thumbUrl\n    smallImageUrl\n  }\n}",
        "variables": {
            "query": "dunk",
            "category": "sneakers",
            "filters": [
                {
                    "id": "browseVerticals",
                    "selectedValues": [
                        "sneakers"
                    ]
                },
                {
                    "id": "gender",
                    "selectedValues": [
                        "men"
                    ]
                },
                {
                    "id": "year",
                    "selectedValues": [
                        "2023",
                        "2022"
                    ]
                },
                {
                    "id": "shoeSize",
                    "selectedValues": [
                        
                    ]
                }
            ],
            "filtersVersion": 4,
            "sort": {
                "id": "featured",
                "order": "DESC"
            },
            "page": {
                "index": 1,
                "limit": 40
            },
            "currency": "USD",
            "country": "US",
            "marketName": "US",
            "staticRanking": {
                "enabled": true
            }
        },
        "operationName": "Browse"
    },
    "compressed": true
}