{
    "url": "https://stockx.com/api/p/e",
    "raw_url": "https://stockx.com/api/p/e",
    "method": "post",
    "cookies": {

    },
    "headers": {
        "authority": "stockx.com",
        "accept": "application/json",
        "accept-language": "en-US",
        "apollographql-client-name": "Iron",
        "apollographql-client-version": "2023.12.10.00",
        "app-platform": "Iron",
        "app-version": "2023.12.10.00",
        "content-type": "application/json",
        "dnt": "1",
        "origin": "https://stockx.com",
        "referer": "https://stockx.com/adidas-yeezy-slide-slate-grey",
        "sec-ch-ua": "\"Not_A Brand\";v=\"8\", \"Chromium\";v=\"120\", \"Google Chrome\";v=\"120\"",
        "sec-ch-ua-mobile": "?0",
        "sec-ch-ua-platform": "\"Windows\"",
        "sec-fetch-dest": "empty",
        "sec-fetch-mode": "cors",
        "sec-fetch-site": "same-origin",
        "selected-country": "FR",
        "user-agent": "Mozilla/5.0 (Windows NT 10.0; Win64; x64) AppleWebKit/537.36 (KHTML, like Gecko) Chrome/120.0.0.0 Safari/537.36",
        "x-operation-name": "GetProductPriceLevels",
        "x-stockx-device-id": "8cdb3ce8-f4c1-4674-94c7-02e84c675eed",
        "x-stockx-session-id": "4ee67735-1058-41f4-bf30-2bfa6b84d451"
    },
    "data": {
        "query": "query GetProductPriceLevels($productId: String!, $market: String, $currencyCode: CurrencyCode, $transactionType: TransactionType, $page: Int, $limit: Int, $isVariant: Boolean!) {\n  product(id: $productId) @skip(if: $isVariant) {\n    id\n    market(currencyCode: $currencyCode) {\n      ...MarketPriceLevelsFragment\n    }\n  }\n  variant(id: $productId) @include(if: $isVariant) {\n    id\n    market(currencyCode: $currencyCode) {\n      ...MarketPriceLevelsFragment\n    }\n  }\n}\n\nfragment MarketPriceLevelsFragment on Market {\n  priceLevels(\n    market: $market\n    transactionType: $transactionType\n    page: $page\n    limit: $limit\n  ) {\n    edges {\n      node {\n        count\n        ownCount\n        amount\n        variant {\n          id\n          traits {\n            size\n          }\n        }\n      }\n    }\n  }\n}",
        "variables": {
            "productId": "adidas-yeezy-slide-slate-grey",
            "market": "GB",
            "currencyCode": "GBP",
            "transactionType": "SALES",
            "page": 1,
            "limit": 50,
            "isVariant": false
        },
        "operationName": "GetProductPriceLevels"
    },
    "compressed": true
}